SOVXUBX12A58A782FD,529,4,TRAPEHR128E0786D5A,1.99,10821,excellent,0.644519691786994,0.405618981980809,236.53832,-5.832,0.864141653965402,130.0
SODTTUB12AB0184F48,1353,3,TRAWYNV128F92F5E7E,0.99,8091,excellent,0.844085061395365,0.713669819579828,352.96608,-7.483,0.710365670532477,85.239
SOGRKPG12A58A7ADF7,769,6,TRAKBON128F9311039,1.09,8783,excellent,0.814829656133112,0.776037656052573,183.17016,-11.553,0.633254321694477,185.333
SOUZUPV12A6701E56D,339,1,TRBEATE128E078F0D8,1.09,8533,excellent,0.83929767756817,0.71889145567021,302.28853,-4.621,0.717206440761039,120.72
SOUYFXA12A6D4F8482,1161,1,TRALQGZ128F146F500,1.09,7839,excellent,0.793708084007137,0.589856179923697,295.07873,-7.272,0.607908632984256,137.806
SOQQABM12AF729A392,176,1,TRADCHC128F42134B5,0.59,5406,excellent,0.697113662712875,0.518784102365604,260.33587,-5.869,0.667410874306499,100.694
SOQQXBH12A8C145D71,75,1,TRAREHS128F92F8E13,1.99,11936,excellent,0.818319359138894,0.667294595643469,214.5171,-14.309,0.482535378797024,114.954
SOHOOXT12A67ADA073,1407,2,TRAJPIQ128F14819A8,1.89,10850,excellent,0.749860753245934,0.516535179673245,277.02812,-6.425,0.640017318801247,119.813
SORXYBE12A6310E27A,133,4,TRAMMDO128E0781A5D,0.69,5143,excellent,0.641354080934361,0.384230562972511,328.72444,-17.428,0.647454210478015,88.928
SOFRAZJ12A8C143CDB,40,3,TRAAIHL128F92E6DDA,0.69,6252,excellent,0.790922847956092,0.60118494179409,329.27302,-7.103,0.345802233965329,116.473
SOBRZCG12A6702187D,3279,2,TRAQQVR128F4255A3A,0.79,6773,excellent,0.775086058382782,0.605191152964747,128.41751,-7.766,0.813129444041074,154.873
SOAYXCJ12AB0183822,1612,2,TRAYJOF128F92F9EEA,0.89,7516,excellent,0.686812987090813,0.684478823308873,214.5171,-4.256,0.68931356422449,142.137
SOTFFLU12A679AE5C4,1007,3,TRBEBEZ128E0792F08,0.89,6622,excellent,0.716101705236791,0.514523378440641,191.39873,-9.316,0.607908632984256,111.829
SOHJIWJ12AB0184EF9,1329,7,TRAUMIT128F424DA18,1.89,12236,excellent,0.831197177107359,0.776167742324105,137.37751,-5.477,0.817227559742586,127.407
SOKBJDL12A8C145D66,4,1,TRAMBRA128F92D257A,0.99,6536,excellent,0.583178831042213,0.43425334123608,283.37587,-5.415,0.413133229021753,204.791
SOZGCTW12A6310E84F,7,6,TRBFUNY128C7196B7D,0.69,4882,excellent,0.541611590603318,0.345637314228971,241.52771,-18.454,0.508984608103484,108.616
SOYACRZ12A6D4FA356,85,4,TRAMNAO128F92FACF2,0.79,5567,excellent,0.566329184733459,0.382549928861351,173.322,-7.933,0.671108561078136,127.373
SOHMLNS12A58A7DA68,71,15,TRARKEH128F1463CB2,0.59,5006,excellent,0.569860089236989,0.414667368059835,316.81261,-12.936,0.570105930058388,90.689
SOJEJNX12A8AE49441,1181,2,TRAKGDA128F423CBC8,0.89,6235,excellent,0.663955260226763,0.429272534162828,183.53587,-5.953,0.685398260123817,127.493
SOGXFXZ12A8C132E70,43,3,TRAGLKL12903CEDE95,0.99,6370,excellent,0.583443023549689,0.385787614584311,157.57016,-8.884,0.565749939529786,157.446
SOMOKFH12A6D4F9EE6,61,2,TRARMUZ128F14AA0EA,0.99,6619,excellent,0.634226963390229,0.443708895002134,145.55383,-12.824,0.48456252996793,120.427
SOACUIU12A6D4F715B,1091,3,TRATZQS128F1467D4B,0.99,7109,excellent,0.707839968441591,0.532445870959407,205.50485,-16.619,0.563755208391296,94.48
SOBVLUP12A8C140311,1885,10,TRASHPV128F4281CB1,0.89,7084,excellent,0.80704347985895,0.591744738545913,177.18812,-3.994,0.745743388117962,93.315
SOHKHHS12B350491C5,171,4,TRBHCXR128F92E7D0E,0.99,6881,excellent,0.727230315462875,0.476559378977782,183.90159,-12.289,0.677773440021412,187.176
SOCSAVL12A6D4FAC37,506,1,TRAVYPH128F149B902,1.89,10613,excellent,0.64783484000582,0.47245177187094,238.68036,-7.386,0.619662672303815,160.887
SOJHRLU12A6701EB67,17,1,TRAOEYW128E0792A0C,1.89,11231,excellent,0.862795413748958,0.600282490747377,340.40118,-10.345,0.583401231014463,98.008
SOPPBPK12A8C14683C,5963,15,TRAFHRS128F14599C0,0.89,6521,excellent,0.712744899649836,0.47070038961361,280.00608,-9.429,0.77523536248439,99.059
SOTLLRE12A6D4F8EFF,5241,9,TRAWMMI128F149CB27,0.79,5967,excellent,0.6797935559498,0.489458258470641,245.36771,-6.913,0.394394856100583,155.521
SOLETWK12AF72A1079,494,1,TRAVXII128F92FCC6D,1.99,11028,excellent,0.724813067812255,0.477178833836887,270.05342,-9.364,0.544514001878851,118.144
SOFYIDZ12AB0180A2B,22,4,TRAVRJA128F9329C4C,0.89,6438,excellent,0.672680592883539,0.476389108825856,166.32118,-5.13,0.637311276400838,81.419
SOKLLOH12A67020F2C,446,18,TRAAGPJ128F428CD1B,0.69,6026,excellent,0.798645178741883,0.552413345516945,288.41751,-8.165,0.72512128356731,115.606
SOAPNML12A8C13B696,123,1,TRBCGNI128F426C330,1.19,7941,excellent,0.769944259081756,0.536173552416409,289.04444,-2.846,0.522733260780157,128.006
SOHTWLT12A8C13CFE1,3664,7,TRAAMES128F42AF068,0.99,7553,excellent,0.8144481104168,0.607971809562902,428.56444,-8.403,0.659304669164406,105.994
SOMVRYP12AB0185AFF,2,1,TRBBKIH128F9343FD4,1.89,9651,excellent,0.479023409736752,0.317303966227491,370.85995,-8.816,0.253834736132231,60.15
SOZCARG12A6D4F74D1,2325,1,TRAWCQE128F14676AC,0.69,6800,excellent,0.820072417706431,0.710879070991258,360.95955,-7.072,0.664556226889912,141.78
SOGRXZY12A8C139043,3037,1,TRAUTPD128F92F1376,1.89,10698,excellent,0.731590592457036,0.498563611267981,303.96036,-6.289,0.721142987249367,93.975
SOITFPA12A670201C6,1011,3,TRACUXJ128E0785F2B,0.99,7063,excellent,0.749860753245934,0.516535179673245,218.22649,-7.693,0.626464240185393,120.006
SOHWVJJ12AB0185F6D,4046,10,TRACYXW128F4297569,0.89,6791,excellent,0.82243282937005,0.531303318565261,250.3571,-7.356,0.85259137966186,125.783
SOCGOZK12A8151BD5D,6302,51,TRASRXK128F9311176,0.89,7076,excellent,0.816596710223241,0.577075874549733,177.94567,-4.385,0.79078693215078,127.294
SOGOBGK12AF72A633B,38,1,TRAFWRG128F4295089,1.09,7515,excellent,0.72914944068026,0.522277897418566,204.25098,-5.145,0.651523156569702,168.459
SOJQBVB12A8C142CCE,578,1,TRBGTPK128F429E5D5,0.79,6024,excellent,0.834538585590272,0.477310881067002,236.64281,-8.025,0.631008058818091,86.918
SOTJIBZ12A58A79560,105,2,TRAHORF12903CDA9FB,0.99,6359,excellent,0.612770671118953,0.372890580797998,163.00363,-4.993,0.673074434949705,160.051
SOEAXUV12A6D4F8FA2,1586,45,TRBIAHA128F42A4C9B,1.19,7412,excellent,0.684994896580656,0.415517082859726,251.50649,-10.347,0.873618759789852,127.369
SOJQTDA12AB0181540,82,3,TRANRTT128F9347342,1.19,7478,excellent,0.640151544465993,0.442992869385135,200.04526,-6.357,0.530663030144149,171.833
SODBPRG12A81C21AE1,385,4,TRAQEKD128F425293D,0.49,3901,excellent,0.569988889233877,0.287481174185242,277.89016,-7.319,0.799547839005803,125.05
SOTEZMZ12A8C138355,1590,1,TRAJDGB128F42882AC,1.79,10780,excellent,0.796420043773249,0.574497025957514,366.39302,-6.788,0.757471386613211,177.662
SODLHUG12A6D4F7BB7,70,1,TRAFNEI128F1458CAA,1.19,7129,excellent,0.601305751486192,0.363675677051142,281.52118,-13.358,0.624833533555656,201.006
SOZXTKD12A8C13FC43,83,1,TRBHTOR128F428CADE,0.99,7194,excellent,0.839962768151037,0.541888972033647,144.01261,-4.527,0.652097591230581,71.707
SOWGZFG12A8151AF41,2963,1,TRAOWBP128F4257C64,0.99,7841,excellent,0.832011769131966,0.677482479432404,264.82893,-6.892,0.737615569884414,142.449
SOEILXI12AB017CBA6,371,5,TRBHQUM128F9309DE1,0.89,6386,excellent,0.691850736596409,0.467885511383105,237.00853,-9.664,0.612844602649918,85.744
SOTNWCI12AAF3B2028,11053,2,TRANHYE128F92DE232,0.99,9274,excellent,0.889749219647115,0.922412443365813,245.36771,-4.536,0.853828892798817,160.786
SOPTYJX12A6701CDC6,2230,2,TRBFLIP128E07897B4,0.89,8659,excellent,0.865021511499661,0.916053228283735,295.67955,-6.473,0.651171124429345,137.008
SOWGWCP12A6D4F860D,920,1,TRASBSO128F1465A78,0.89,6629,excellent,0.823548253021525,0.507115548752454,1071.882,-6.1,0.69942672818833,90.264
SOEIQUY12AF72A086A,6321,13,TRAMCGL128F92F3D87,0.99,7394,excellent,0.867258942437531,0.547764111010419,380.42077,-3.183,0.906077741482784,158.34
SOKZTHA12A8C134830,9719,1,TRBDHKL128F426BE45,2.09,13739,excellent,0.917863905847619,0.908202619208482,213.26322,-6.146,0.705148005240974,94.987
SODJUSQ12A8AE486C6,277,11,TRAFYGA128F425A92C,1.09,7540,excellent,0.751007620036978,0.523699077765391,269.94893,-4.357,0.730009842996835,124.973
SOZEFPO12AB0184AEC,12,1,TRAVSQE12903CB6879,1.99,10768,excellent,0.644519691786994,0.405618981980809,207.17669,-6.236,0.764116980966499,117.027
SOHXCVP12A81C1FC64,91,1,TRBDOGI128F4252243,0.79,6643,excellent,0.826075466698595,0.599602642649599,331.04934,-4.747,0.649119544082335,90.438
SOAWDBP12A8C144CB2,16,1,TRAYNME128F92D1328,1.79,9690,excellent,0.588580771849503,0.388438522495221,176.74404,-8.242,0.460484844986415,144.344
SOSMXVH12A58A7CA6C,7801,1,TRABQZK128F92F54F4,1.99,12838,excellent,0.833178526109065,0.804219797446721,148.1922,-19.976,0.701124286219981,115.066
SOYTUNS12A8C134C16,270,10,TRBBXSE128F42798F6,0.49,6335,excellent,0.934935267398208,0.78700546868923,301.19138,-7.488,0.679077296233608,95.929
SOIMZSM12AB0188CB8,110,2,TRAJEYL128F931B518,0.79,5300,excellent,0.649155773531469,0.345935702186332,285.77914,-5.956,0.503576224325137,111.046
SODUYOC12A67ADC8ED,1505,2,TRABKJU128F422A7FE,1.89,10585,excellent,0.718381342383309,0.455825978803044,271.5424,-3.536,0.716321271238986,150.086
SOWLAQT12A8C13D037,598,1,TRASSJE128F427927A,1.19,7638,excellent,0.703823889866465,0.46473606069547,233.16853,-11.357,0.625865454009952,139.994
SOBSEGK12A58A7BEBF,1391,3,TRALSXX128F92F94B0,1.99,11360,excellent,0.731184230412898,0.549204383877025,129.93261,-6.458,0.704852713218879,129.722
SOGDWHE12A6D4F794A,146,1,TRAMDQE128F1458F98,1.89,10368,excellent,0.684994896580656,0.415517082859726,209.3971,-23.949,0.703402219510085,124.494
SOBUVXZ12AC9075605,86,1,TRAUCIQ12903D00769,0.39,3562,excellent,0.581884358891293,0.347006920930406,143.15057,-4.737,0.377531644976702,205.016
SOUXANT12A6D4FB048,7197,87,TRBDSFP128E07937B9,0.89,6663,excellent,0.63030884610803,0.488944201360234,243.9571,-10.847,0.849019885579751,137.937
SOQCQNU12A8C138694,3234,4,TRAMFJR128F92C1DB1,1.79,10718,excellent,0.737972528400142,0.555968803751809,262.08608,-3.825,0.796349156498772,175.959
SOMWYRR12A8C143501,98,1,TRALENK128F92F39E9,0.69,5358,excellent,0.666522676566775,0.414079473031752,88.89424,-7.545,0.779527168290094,156.605
SOGAWLI12AB017E8AB,13,1,TRBGKBZ128F931569B,0.99,6256,excellent,0.617438461241323,0.392977289303481,174.28853,-5.469,0.266955186275539,197.631
SOXHJSF12A8151C96E,157,1,TRALAZG128F93170BF,0.89,6306,excellent,0.703664889916642,0.44822358922685,183.64036,-12.055,0.652436655059618,123.278
SOTOHAH12AAF3B51FC,4,2,TRADHXU12903CB4400,0.69,5525,excellent,0.765141417908064,0.471493226676322,204.5122,-5.286,0.540786008639772,220.104
SOLEFXD12AC3DFA062,6,9,TRAREDZ12903CFB6E3,1.49,8582,excellent,0.640720629480798,0.413296281530877,247.24853,-5.603,0.516396407072677,169.994
SOMMTIX12A8C139A75,91,1,TRANMKA128F426C3B0,0.79,5625,excellent,0.627185249160576,0.393015730045309,179.74812,-9.042,0.683613541442828,147.256
SOHOXXV12A6701BEBF,55,1,TRACBLO128E0784286,1.79,9396,excellent,0.508971307785864,0.342096650457338,235.41506,-5.492,0.334706549069221,129.318
SOGJPMB12A8C13A9DB,4610,2,TRAZORC128F426C323,1.29,8576,excellent,0.769944259081756,0.536173552416409,195.21261,-3.592,0.890314003716974,129.975
SONIWYZ12A58A7CB59,206,5,TRAWAHY128F14AA11E,1.19,7572,excellent,0.634226963390229,0.443708895002134,218.51383,-14.274,0.702259766574744,158.754
SODKJWI12A8151BD74,7485,32,TRAMGPM128F9311196,0.99,7365,excellent,0.816596710223241,0.553661233297767,193.43628,-5.325,0.77188891415649,184.023
SOANUME12A8C1368DF,1011,4,TRALQZK128F429802D,0.89,8180,excellent,0.845768866448544,0.837714708582364,212.97587,-10.831,0.724788813930165,85.855
SOQPTOJ12AB017DE93,452,1,TRBDDMU128F9350474,0.99,6590,excellent,0.694983409073486,0.429780285791252,333.19138,-6.996,0.561019409563772,196.429
SODWXQV12A6310F10D,2328,11,TRAAUEO128E0780CB9,1.09,7891,excellent,0.804523520669715,0.586433378718163,241.52771,-7.255,0.873702494910431,108.264
SOUSXAY12A8C1358FA,1110,1,TRANQLL128F92F5263,2.09,12896,excellent,0.833178560890206,0.804219797446721,246.43873,-6.025,0.773194500303244,93.982
SOBHMQL12A67ADE30A,86,6,TRALDWN128EF33FB6E,0.89,6040,excellent,0.605109701914858,0.39854753538058,283.32363,-4.422,0.56142851762879,113.608
SOBJUKG12A58A7DCA8,5454,4,TRANSKF128F147FCB4,0.89,6955,excellent,0.655921417588267,0.578301633596748,204.19873,-2.689,0.695318814728327,155.843
SOAJFUR12A8C13C9CD,72,1,TRBDREO128F427F114,1.39,8395,excellent,0.587594370672566,0.468158756357946,206.18404,-11.429,0.433005077274585,174.395
SOXFSTR12A8AE463B0,5574,4,TRAZCOX128F42B6555,1.09,8886,excellent,0.92903028744116,0.750426551018918,209.00526,-3.589,0.750583066483654,161.631
SOKYJYU12AB0186429,7247,22,TRAYUXO12903C99CBF,0.89,7249,excellent,0.852699664161011,0.661349364282216,240.56118,-6.093,0.39989954774199,151.983
SOTUHWT12A58A7ABA9,948,1,TRAWPFY128F428A9CD,0.89,7160,excellent,0.858677441848304,0.618219159411858,239.882,-3.469,0.650041837796606,112.918
SOYKAIZ12A6D4F97B2,241,1,TRASZUN128F148B165,0.89,7112,excellent,0.840432421742273,0.608849018570653,278.90893,-3.863,0.527818136556487,85.787
SOZOEYP12AB0188C9D,3133,19,TRBEGQC12903CAB228,1.19,7747,excellent,0.791761695566973,0.474428172898932,393.84771,-9.857,0.704239414775435,124.043
SOKESRD12A6701E91C,1224,3,TRBHJPQ128E078ED8F,2.09,11884,excellent,0.798645178741883,0.552413345516945,155.61098,-2.321,0.671294134440937,88.889
SOYYIZT12A8C1408CA,4890,19,TRALROP128F92CA9CC,0.89,6946,excellent,0.839275392927277,0.550762084655907,274.65098,-4.203,0.804318945514365,173.983
SOYVCJU12A67AD8617,3315,2,TRAGNBQ128F149CB93,1.09,7794,excellent,0.937964750397334,0.566622887558162,203.91138,-3.237,0.720431538474161,140.878
SOCWJDB12A58A776AF,6622,45,TRAXLZU12903D05F94,0.79,6337,excellent,0.754917645450823,0.507464243114982,211.69587,-7.75,0.864248830588454,113.359
SOGQWTX12AB017FD78,3182,1,TRARCZH12903CF7D2F,1.39,8591,excellent,0.696816891790922,0.482100018920323,229.58975,-8.064,0.641020289645939,102.984
SOAZSIZ12AB018AF81,210,1,TRAFAQY12903CA70F7,1.89,10555,excellent,0.668674532861316,0.46753844401001,170.84036,-2.323,0.556739869245632,145.18
SOCWZCV12A58A7AB87,370,8,TRBGSCR128F92FE2AE,0.89,6903,excellent,0.740796616151389,0.555741673065958,341.08036,-9.276,0.756814800458094,188.018
SOHSGTX12A67020685,1891,4,TRABLMN128E0792687,1.69,11384,excellent,0.83088464214821,0.776167742324105,180.97587,-3.637,0.784712265796497,142.68
SOUOWOU12AC3DF4CB6,226,1,TRALCCO12903CEBB97,0.69,5280,excellent,0.620541381705321,0.396111527100515,260.62322,-12.502,0.800078985844132,142.857
SOTDNWF12AB0186452,757,14,TRALTKQ128F932DA67,0.59,4920,excellent,0.686811616813381,0.44387567634355,249.46893,-5.547,0.215080318509228,100.341
SOLKVTJ12A6D4FC610,81,3,TRATFEN128F14A3A6E,1.29,7555,excellent,0.582460566902712,0.384798909964906,214.96118,-10.736,0.425900191276655,170.897
SOBKGSR12AB0184A57,43,3,TRAKYCT12903CBBE17,1.09,7057,excellent,0.690626256119631,0.420801849507006,171.07546,-2.388,0.74842460448203,113.198
SONRPGH12A6310D895,38,3,TRBDNIZ128E0781CCF,0.79,6041,excellent,0.6797935559498,0.489458258470641,157.75302,-7.749,0.544750913182993,151.123
SOYJZTG12A81C23239,35,1,TRBEUMG128F422305C,1.19,7382,excellent,0.625443262043877,0.431526919214813,180.89751,-7.279,0.454192988218022,101.664
SOVXNAP12A81C234AE,56,6,TRABSXW128F4233422,0.69,5309,excellent,0.634441713149828,0.423117944351999,234.55302,-6.931,0.590240597582417,115.033
SOESQNH12A58A79AC3,484,55,TRALPXC128E07819A8,1.09,7598,excellent,0.731184230412898,0.549204383877025,194.58567,-6.758,0.798113657063599,144.573
SOCTJIL12A67ADAF3F,2487,1,TRACFZI128E0795424,0.49,5232,excellent,0.755077151072024,0.563763752282324,212.29669,-3.753,0.747754815505375,85.029
SOYCOEX12AB018B5DF,195,2,TRATWYC12903CE60D6,1.69,10145,excellent,0.839962768151037,0.541888972033647,281.23383,-6.991,0.672836060762554,120.085
SOXSZBM12A8AE483AD,205,2,TRASZQZ128F424B2FE,0.99,7505,excellent,0.803721934978252,0.627765134777247,637.43955,-8.814,0.41504977231583,118.444
SOJELTQ12A8C1301E2,3360,5,TRATIAH128F426B422,1.09,7827,excellent,0.80198921596931,0.580345271377833,834.66404,-6.003,0.717851349065084,96.711
SOZPIUC12A8C13630F,273,1,TRBEXHF128F4266092,1.79,9844,excellent,0.69197311928134,0.396619565600338,333.87057,-7.135,0.683004892310247,130.026
SOXDMAC12AB017E7FF,6300,4,TRARPCK128F92FEA7F,1.09,7800,excellent,0.760636111943095,0.547243659611714,384.67873,-14.199,0.88253015163253,169.038
SOFKTPP12A8C1385CA,2254,9,TRAFTDN128F427C29D,0.79,6271,excellent,0.852638932218779,0.535763157719982,381.17832,-6.36,0.693464247535428,134.5
SOIEAJT12A8AE458EC,2017,1,TRAEQOS128F92EFD47,2.09,12496,excellent,0.852699664161011,0.661349364282216,231.07873,-8.096,0.798409824959154,124.534
SOWQSUC12A6D4F969C,224,2,TRBHQHN128F148A1B3,0.99,7220,excellent,0.749796959400585,0.551552455156351,298.57914,-5.899,0.607036690745517,135.314
SORJVDO12AF72A1970,10976,50,TRADYQK128F42A762A,1.09,8988,excellent,0.92903028744116,0.750426551018918,296.95955,-4.854,0.776350976441847,128.134
SONLPSN12A8AE4711C,22,1,TRAMBHU128F425A620,1.89,10741,excellent,0.754917645450823,0.507464243114982,225.4624,-12.585,0.531983193341486,128.171
SOYWRWP12AB01845EE,827,19,TRAPKBI128F92F9D33,0.89,6962,excellent,0.779838091767251,0.568350503202248,254.98077,-7.72,0.751968603000884,138.916
SOSQIHH12A8C13370B,17822,66,TRARTEH128F423DBC1,1.09,8382,excellent,0.899934952231732,0.683658060202375,237.21751,-7.057,0.476435219642529,188.91
SOUMBKO12A8C135722,70,1,TRBFNMG128F4278109,0.79,6657,excellent,0.872536598669736,0.611117503432981,241.8673,-12.328,0.566226760874575,94.423
SOPHMRL12AB017E87B,604,2,TRBIIEU128F9307C88,0.49,5134,excellent,0.891853779688841,0.548228209191881,208.27383,-3.301,0.663193967774083,192.07
SOVPIUN12A6D4F8F1E,3436,58,TRAPVXU128F149E7CD,1.19,7434,excellent,0.625762202039171,0.449493482721695,279.84934,-8.026,0.255765101020347,182.085
SOEHTZE12A6310F0F2,10375,2,TRAGSGF128E0780CA7,1.29,10476,excellent,0.865021511499661,0.916053228283735,274.41587,-7.446,0.810263613156058,134.027
SOUURWE12AB0182EA3,98,1,TRANYAM12903CD9CFC,1.09,7223,excellent,0.627917468411432,0.473918437000002,158.51057,-6.172,0.551109537580082,124.409
SODYKTT12A58A7BB18,54,1,TRBAKER128F1495617,0.89,5871,excellent,0.573605491317041,0.372251207930065,329.45587,-13.209,0.542898743291086,135.011
SORRNTH12AC960A43B,25,1,TRASARM12903D03718,0.99,6440,excellent,0.575805715273956,0.397170341450183,236.35546,-9.975,0.593251651531083,131.388
SOFRBZI12AB0186AE8,745,8,TRBHZUN12903CA60F7,0.99,7103,excellent,0.74400791471048,0.520049688178975,154.95791,-8.005,0.87011063166154,120.148
SOSBXWX12A6701D235,274,52,TRBICGT128E0792473,0.89,7898,excellent,0.844085061395365,0.713669819579828,402.36363,-5.454,0.502211220550802,122.838
SOUEHCD12AB0188F80,109,23,TRBDWDQ128F1455787,0.79,7322,excellent,0.840432466617187,0.608849018570653,232.07138,-6.348,0.704519987942536,143.699
SOYVTPT12A8C13FBD4,544,3,TRAEJXI128F4291A83,0.79,6002,excellent,0.739099281750122,0.471126714521244,354.79465,-9.213,0.650808775310913,98.763
SOTHGTJ12A8C13399D,865,19,TRAEGGV128F92F29B2,0.99,6882,excellent,0.696450939341622,0.489149816627791,201.03791,-4.65,0.800849690883533,177.152
SOAGYDL12AB0183518,9,1,TRAPDOI128F9327982,0.99,6756,excellent,0.641990135473508,0.457135668827456,479.45098,-10.258,0.624746110519123,86.155
SOOPVJI12AB0183957,13629,19,TRALDUE128F9312AF2,0.59,6397,excellent,0.818319359138894,0.667294595643469,284.1073,-5.519,0.94599467982204,107.998
SOIOCUC12A8C13EDAA,1922,18,TRAMTYX128F42985D0,1.99,11481,excellent,0.853725856719535,0.54822189189766,133.27628,-9.742,0.737927651707102,83.953
SOIPZYI12A8C139CD9,107,2,TRASGKM128F42644C5,0.59,5295,excellent,0.776598967829546,0.490079584183429,212.16608,-10.562,0.733541055704055,141.165
SOWYQOV12AF729E1A1,372,1,TRBGNQC128F428A9D1,0.89,7169,excellent,0.858677441848304,0.618219159411858,169.87383,-4.716,0.676467189389562,166.864
SOJGCRU12A8C1323B7,392,3,TRAGHJX128F426F76F,0.99,7614,excellent,0.67538481199813,0.633339908701837,278.96118,-5.563,0.574693297085008,80.7
SOJNQAS12A8C134963,779,1,TRBHFVD128F4248837,1.99,11292,excellent,0.830252261722486,0.507965802159374,162.06322,-25.745,0.777828025073487,44.816
SOYCTRU12A6701DA91,421,1,TRARKGW128F92EB8F9,1.29,8379,excellent,0.720711057591907,0.522047955191613,288.02567,-5.729,0.696217140369445,146.29
SOCXBQG12AF72A7CBD,4414,3,TRBFKVH128F4262579,1.19,8664,excellent,0.794331284495354,0.650665868274224,91.32363,-9.558,0.764419569330995,157.992
SOYSRRY12A6310E1C1,128,1,TRACBWP128C7196948,0.89,7220,excellent,0.840432421742273,0.608849018570653,230.42567,-5.981,0.704963316972225,86.82
SONFVHA12A6D4F932F,10,1,TRAHFQG128F149892A,0.89,6006,excellent,0.706827671304458,0.416173064626677,258.19383,-19.933,0.360370582712141,92.927
SOGKIWV12A6D4F86C4,765,6,TRAADVH128EF34DE7A,1.89,10620,excellent,0.717670524728552,0.479308459338227,344.05832,-9.253,0.561692411178952,154.953
SOEDCOB12A8C142CBA,660,2,TRABYVN128F429E5CF,1.19,7708,excellent,0.834538585590272,0.477310881067002,234.52689,-6.022,0.638297906423383,167.909
SOCPYWK12AB01832C7,306,1,TRALVNT128F931C4C6,1.89,10108,excellent,0.585434009719604,0.375367266726902,365.03465,-7.566,0.583678295607896,149.96
SOQIDEF12A8C139B23,153,2,TRACYCJ128F9309246,1.19,8480,excellent,0.947327506634964,0.63128950758546,223.52934,-5.304,0.650405807903173,111.004
SOKJUZQ12AB0185E37,1277,64,TRAQVJM128F9310F20,0.59,5470,excellent,0.713782885977334,0.52916698292646,556.06812,-6.817,0.505487343149376,122.984
SOOUUUE12AB01878E1,94,1,TRAOREE128F934DB89,0.89,6318,excellent,0.639614201178229,0.464550280678679,258.19383,-6.062,0.51321914162812,90.902
SOOBDVS12AB0188EA4,391,1,TRBDRTN12903D021D9,1.09,7863,excellent,0.840963900934577,0.595069407269697,228.91057,-7.048,0.645341856713907,86.104
SOCSLKG12A6D4F5954,661,2,TRBBMQN128EF35F995,0.89,8353,excellent,0.905477001361672,0.843380274429633,181.52444,-5.622,0.787210098455786,145.999
SOPXTAX12A6D4F573B,2845,1,TRAKQXJ128F147A028,0.79,6541,excellent,0.909247283466974,0.554938522474631,187.03628,-4.183,0.858630458401282,170.046
SOKRLDX12A8C140A0F,11,1,TRBEBUU128F92C945D,1.99,10698,excellent,0.543936551884526,0.430300279107941,449.2273,-20.101,0.377531644976702,106.307
SOPANEB12A8C13E81E,1434,1,TRAOOGD128F92E4768,0.69,6231,excellent,0.7963370594985,0.582921576450625,230.60853,-4.438,0.818394379716377,124.144
SORKXVV12A8C134C70,553,1,TRBEKGR128F425DA44,0.89,6718,excellent,0.711893841289885,0.535163042123807,327.1571,-5.234,0.601708035095549,138.657
SOQJPYF12AF72AA8E2,1137,3,TRAWBOE128F92F2F46,0.99,7585,excellent,0.8144481104168,0.607971809562902,268.69506,-8.053,0.758095180686138,94.916
SODEIVI12A8C13266D,1867,2,TRAPCNK128F427D7B5,0.69,5872,excellent,0.823548253021525,0.507115548752454,219.24526,-11.451,0.852088917765748,96.047
SOGOVUN12A8AE46B43,100,2,TRBBVBM128F4276D82,2.09,11638,excellent,0.684894722923703,0.511526435078575,274.70322,-15.838,0.605246228970328,116.239
SOQHWMN12A6701E2D9,23759,28,TRAWRKT128E0788857,0.89,7480,excellent,0.847081688243673,0.62508048097436,200.12363,-7.679,0.875510884177002,184.591
SOQLLHX12AF72A3586,4227,16,TRAKXMS12903CB36F2,1.09,8309,excellent,0.811890081171438,0.657583813676457,293.66812,-5.21,0.825232994605021,85.141
SOWXKUV12A58A80BB4,40,1,TRAVUOW128F4262955,1.89,10040,excellent,0.547035734167899,0.365686606034648,229.66812,-9.349,0.547952941980035,167.377
SOKZSOY12A81C206D5,87,1,TRAPASL128F422BC00,1.09,6563,excellent,0.702077834133738,0.33082007111147,245.10649,-4.654,0.662493160819622,189.917
SOYDHCW12A6D4F9A2E,77,1,TRAAVJL128F14ACADD,0.79,5623,excellent,0.698770477795872,0.399451724005029,109.37424,-18.349,0.615372255699073,61.883
SOAOOXO12AF72A787F,542,3,TRAPJFL128F42AA7B4,0.79,6351,excellent,0.839275392927277,0.521843187008359,313.10322,-12.584,0.686941709201807,110.742
SOPRMDL12A8C13CAF6,1513,14,TRAXLPR128F428E466,1.09,8282,excellent,0.8788113434932,0.653897217427783,259.5522,-8.686,0.845088385316871,85.159
SOOXLKF12A6D4F594A,11130,17,TRATKVY128EF35F97A,0.89,8523,excellent,0.905477001361672,0.843380274429633,173.66159,-4.757,0.979837196455643,149.917
SOHPAVE12A8AE47190,619,9,TRARSZV12903CDB2DE,1.09,7027,excellent,0.683455700763884,0.427122969886015,190.06649,-14.023,0.618352388623676,129.584
SOTNNLV12A8C1344BF,26,1,TRAGARS128F427216A,1.89,10152,excellent,0.585514006971319,0.364914034535057,208.48281,-8.066,0.780157224019358,117.947
SOZAPQT12A8C142821,12494,6,TRATHTH128F42BC347,0.69,7302,excellent,0.845768866448544,0.788805935162014,181.13261,-6.391,0.746160912909802,102.066
SODWYJZ12AB018240F,2438,5,TRBBSGI128F9309855,0.59,5848,excellent,0.937964750397334,0.566622887558162,214.33424,-4.469,0.787620404071748,160.109
SOHXASU12A6D4F6B1C,432,2,TRACZDR128F14599BC,1.99,11003,excellent,0.712744899649836,0.47070038961361,258.92526,-5.814,0.577469082464042,186.012
SOKAVYA12AB0188454,332,2,TRAZKAG12903CD1918,0.99,7368,excellent,0.909247283466974,0.554938522474631,176.61342,-4.606,0.867008491279171,94.937
SOMWLTZ12AB0182E86,144,4,TRAUEWN128F932C32C,1.09,6903,excellent,0.665322161906018,0.394217198901004,197.25016,-9.31,0.705629188656531,180.094
SOTOYAE12A6D4F795E,260,15,TRAYESZ128F1458FAE,0.99,6633,excellent,0.684994896580656,0.415517082859726,288.80934,-12.525,0.789938703581355,102.976
SOQMWJG12A6701E1AC,2133,44,TRAEBSY128E07873C0,1.19,7533,excellent,0.73266031201761,0.458439468238832,257.69751,-9.495,0.758973794276447,99.566
SOCQVFV12AB01859A2,4,1,TRBEOUT12903CD5981,1.99,10537,excellent,0.585434009719604,0.375367266726902,295.49669,-11.596,0.605331887153087,117.007
SOMRYSL12AB01852A8,2786,12,TRAVWZA128F931F36E,1.09,7449,excellent,0.758299703809623,0.493629437812414,225.43628,-7.372,0.766174643701339,84.373
SOPMAEU12A67AE0C81,2015,1,TRBCJSZ128E07969B5,1.09,9523,excellent,0.865021511499661,0.916053228283735,269.34812,-6.294,0.701266352615312,136.82
SOTEFFR12A8C144765,15308,26,TRBIFGK128F92F23A2,1.09,9212,excellent,0.918451788888983,0.828906301540435,225.12281,-4.808,0.760343237417337,134.734
SOUWLPU12A6D4F9814,39,1,TRBAAGQ128F148D17E,1.89,10304,excellent,0.646374510390911,0.414656344066102,243.17342,-6.149,0.585979766109278,152.468
SODYDMB12AC46896F8,12,1,TRAGWMO12903CFD994,0.99,7059,excellent,0.825192029266989,0.529165902101936,159.4771,-4.732,0.510962044002151,112.421
SOZIMLB12AF72AD1CD,678,2,TRADVGV128F42BCACE,0.79,6812,excellent,0.941896454523691,0.598596744615317,232.202,-4.165,0.927132546253176,138.364
SOZSKYN12A8C13A883,939,1,TRAWULX128F4291255,1.19,8477,excellent,0.614870933919939,0.628246419191487,349.33506,-10.271,0.664130346026407,127.434
SOYHHHT12A6D4F7F97,6930,3,TRBDMIN128F147FCBB,0.79,6591,excellent,0.655921417588267,0.578301633596748,285.98812,-11.341,0.823479230392698,136.32
SOIOAIN12A58A7A9A5,883,6,TRATBVA128F9312ACC,1.79,11889,excellent,0.83088464214821,0.776167742324105,228.44036,-10.571,0.756267390366009,122.852
SOJZBCP12A67ADA093,1196,1,TRBDUXD128F148328A,0.59,5614,excellent,0.873627174335119,0.560205546389073,293.19791,-6.229,0.653899845645291,150.003
SOPWKOX12A8C139D43,4132,2,TRAIELD128F92DC682,1.59,11257,excellent,0.845768866448544,0.788805935162014,168.82893,-6.538,0.910225075499961,125.875
SOSUVCW12A8C13580D,181,1,TRAHIJE128F4243356,0.89,6348,excellent,0.691956473142523,0.460389582311358,149.36771,-12.625,0.613652202066234,177.866
SOJDHGS12A6310D85E,2796,36,TRAKLHO128F42BA554,1.09,8813,excellent,0.814829656133112,0.776037656052573,272.43057,-8.242,0.735168669263074,141.808
SOPMGRB12A6701E98E,32,6,TRAQPKV128E078EE32,0.59,5794,excellent,0.872536598669736,0.610731462903909,324.07465,-5.746,0.431394611114141,101.66
SODCXXY12AB0187452,1459,2,TRBFXMJ12903CB50F6,1.19,7520,excellent,0.8679511927984,0.434137140311246,214.9873,-11.588,0.682112970641015,119.612
SOKIHTB12A8C1397CF,552,3,TRAPPUN128F429400B,1.09,7679,excellent,0.839275392927277,0.550762084655907,270.47138,-2.512,0.687311639549293,157.739
SOFOYJY12A679D30E3,70,1,TRAHPBP128E079367D,1.79,9825,excellent,0.556997727619772,0.391587029133374,362.03057,-13.839,0.698708461673052,161.529
SOJBLIX12A8C1373C7,21,2,TRAOYHS128F427EF8B,0.99,6868,excellent,0.713322146546721,0.473613189375399,219.76771,-24.308,0.685274901698465,92.938
SOTDFAQ12A6D4FB3E1,393,2,TRATHFM128F148ADD4,1.29,7717,excellent,0.583290824134981,0.385998326334183,225.61914,-8.843,0.733990878524206,125.986
SODRQHM12A8C1343AD,386,1,TRAVLWL128F424EF6A,2.09,11978,excellent,0.84065157906012,0.582205564162808,185.99138,-9.168,0.572593044816125,146.053
SOIKIJC12AC3DFB3D2,48,1,TRAAQBF12903CF796B,0.99,6605,excellent,0.632242851125503,0.453435791193475,133.27628,-15.736,0.360370582712141,89.86
SOPOWJI12A8C14159F,43,2,TRAWFQT128F4294716,0.69,5159,excellent,0.546648693633608,0.382934592518426,194.53342,-8.031,0.676281394850989,137.237
SOPTODT12AB018CE5C,24,2,TRBFNBC12903CA9800,1.99,11332,excellent,0.797420740746604,0.536400010792708,202.91873,-12.024,0.585116487167385,130.692
SOKQFBG12AB0181409,244,13,TRALHMS128F930C08C,0.59,5510,excellent,0.810506205225482,0.531157063061523,174.75873,-3.373,0.74896056973262,156.924
SODUOQU12A58A7D2A8,231,5,TRAQJGB128F426A9B6,2.09,11840,excellent,0.733798940436227,0.544257505724526,168.30649,-10.351,0.678728981440112,170.217
SOBARGP12A58A7B1D9,65,1,TRAVGNH128F428CBA9,0.69,6059,excellent,0.70901052510291,0.55356617207078,225.41016,-9.531,0.786169125976638,130.677
SOIIKIF12A8C131B3F,293,1,TRAWWHT128F426894E,1.19,7550,excellent,0.632242851125503,0.453435791193475,222.74567,-14.519,0.566707641676473,108.054
SOOQPIK12A6701F1C5,6045,3,TRAUJKJ128E078FA48,1.09,8376,excellent,0.832011769131966,0.677482479432404,228.70159,-10.736,0.824206502016078,128.684
SOKPTHW12AB018AB51,1,1,TRBBILZ12903CB422C,1.29,8479,excellent,0.823910087358585,0.549749651587439,153.23383,-6.754,0.659230577045468,131.639
SOVPVKY12A6D4F6F86,219,2,TRBBHHP128EF365DA0,0.99,6508,excellent,0.556410013089321,0.396596274817667,166.3473,-6.832,0.732924130048343,93.301
SOUHVMV12A58A7C4D9,474,5,TRAGXBL128F149EBA2,0.79,5038,excellent,0.416184081205244,0.285682006990827,186.69669,-4.594,0.570105930058388,89.091
SOWNSZY12AB0180BCF,373,1,TRAAYPG128F933C941,1.09,7120,excellent,0.487220327348925,0.449746310260358,465.60608,-5.533,0.582918458497712,134.014
SOYFDYC12A6D4F921D,26,1,TRATBGP128F1482545,0.99,6530,excellent,0.682101281711417,0.424108277416354,156.682,-13.229,0.504034340805441,129.282
SOYQOFI12A6D4F76E1,34,2,TRAAENC128F1451DE9,0.79,5541,excellent,0.548585130198109,0.383524247327727,300.79955,-13.33,0.610474257771525,124.175
SOJSGWO12AF72A2C49,410,1,TRANCOS128F4267DFB,0.49,4817,excellent,0.807779927795845,0.486825413499167,251.03628,-5.403,0.645982703584417,119.346
SOPOPLW12A8C13A905,1095,1,TRAFKRE128F932002B,0.79,6421,excellent,0.842431482081191,0.52645822346399,227.70893,-8.901,0.92711212197551,87.953
SOPDAMI12A58A782EA,68,2,TRABIPA128F1458F79,1.19,7397,excellent,0.684994896580656,0.415517082859726,492.30322,-12.091,0.639248489150351,193.56
SODFSTY12A6701E6D3,93,1,TRAMHJH128E0793259,1.99,10556,excellent,0.559263502188258,0.362174490820489,545.74975,-9.465,0.773738814860421,142.646
SOUUNYT12AB0184F40,118,15,TRBCGRI128F93355E9,1.89,10789,excellent,0.684894722923703,0.511526435078575,221.41342,-7.603,0.585452851775574,122.002
SOEYFCZ12AB017D780,754,5,TRADKLT128F9304E1D,1.69,9739,excellent,0.726299713384738,0.466946703147455,277.99465,-8.878,0.6030245814555,80.023
SOGWPDK12A81C2242F,891,4,TRBBEYU128F4235623,0.39,3672,excellent,0.618002714908771,0.34947632719785,240.71791,-5.281,0.559646609931845,123.998
SOLJQBW12A6702187B,4100,18,TRAUONA128F4255A38,1.39,9300,excellent,0.775086058382782,0.605191152964747,160.96608,-8.317,0.81443171170824,84.141
SOJEVZW12A8C133988,245,3,TRAAKAS128F4246013,0.99,7112,excellent,0.830252261722486,0.507965802159374,416.80934,-7.982,0.825173540378084,124.04
SOXESGI12A8C13F85C,15,3,TRANZOR128F9307EFD,0.79,5376,excellent,0.438644698173761,0.347225060580243,263.73179,-12.346,0.642091037637501,114.255
SOCIEFE12AB0183821,101,1,TRAYBTO128F932008B,0.99,6671,excellent,0.755041349998627,0.458592024907808,260.62322,-7.435,0.439202489315343,120.648
SOSZDME12AF72AC84F,1,1,TRBDDRB12903D133C5,0.89,6317,excellent,0.604259559857954,0.461023015726176,399.04608,-12.712,0.549395782971502,123.401
SOSELMV12A6D4FCF5A,21348,76,TRAUOEY128F421CBD3,0.69,6386,excellent,0.899709852628773,0.583732613088472,229.85098,-7.256,0.782898860251718,96.224
SOAIJKC12A8C131D6F,6,1,TRAJMEL128F4262B4A,1.09,6979,excellent,0.623154283971287,0.429353514999352,229.8771,-9.406,0.509640965551804,125.676
SODXTMM12AF729F8F1,2770,2,TRADESF128F4214D8E,0.89,7685,excellent,0.844085061395365,0.713669819579828,237.13914,-8.591,0.71974714099564,156.65
SOSXYJQ12A6D4FB699,44,3,TRAEHTK128F14A4706,1.09,6779,excellent,0.582460566902712,0.384798909964906,183.11791,-13.881,0.555016408652393,101.577
SOBGRIE12A8C132032,42,1,TRAOKSC128F4264989,0.69,5488,excellent,0.640757317218144,0.451219236890836,252.83873,-6.575,0.667506138834522,87.495
SOWCTVQ12A8C134C64,488,3,TRBBJAJ128F425DA40,1.09,7572,excellent,0.711893841289885,0.535163042123807,229.61587,-3.782,0.630187627199708,92.099
SOPJFDO12A8C139B94,12,1,TRBFKOK128F42662E6,1.89,10221,excellent,0.576568765593694,0.41252805157967,145.08363,-9.098,0.440826440498879,108.888
SOQBOUQ12A8C1372F4,98,2,TRATGDS128F426A2E8,1.89,10334,excellent,0.674633734277289,0.421120111524651,269.00853,-9.036,0.581317745055987,142.639
SOMKTMJ12AB0189ACF,46,1,TRAKTJE128F93539EF,1.89,10624,excellent,0.756063870842891,0.491468881637496,138.50077,-9.628,0.457447167085101,130.019
SOMGPML12A8C13AE8C,4746,20,TRATTGW128F427A82D,0.69,5870,excellent,0.842577664476549,0.51452257826563,315.27138,-6.611,0.728377176857355,156.917
SOLXDDC12A6701FBFD,5295,4,TRAUURC128E078EC6E,1.19,9465,excellent,0.871010615313384,0.804830427831278,312.2673,-3.989,0.811707531413759,180.168
SODBXDN12AB018194E,101,1,TRANQKF12903CDEC7A,0.89,5939,excellent,0.643982591492588,0.40662621742204,276.21832,-21.463,0.334706549069221,156.446
SOHHJYE12A8AE47599,24250,53,TRBGCAK128F425F3CC,0.89,7342,excellent,0.638614022450754,0.601436482837353,225.09669,-6.504,0.829983256879845,94.234
SOQVXCF12AF72A419B,1461,6,TRAMKDJ128F92F3D8B,0.79,6481,excellent,0.867258942437531,0.547764111010419,521.63873,-3.741,0.824717770764939,174.792
SOOPTTP12A8C134AA6,4,1,TRAESDC12903CCEA5E,1.79,9373,excellent,0.467955065842065,0.324597714465826,269.40036,-7.594,0.464477292512997,154.286
SOULMYP12A8C143D8B,11,1,TRAETLW128F92C44F3,1.09,7349,excellent,0.700570065018834,0.487595647695786,257.74975,-6.421,0.666656368531349,120.008
SOGLLEM12AB0188E6E,147,1,TRBHGRU12903CE2C48,1.09,7101,excellent,0.626567712677835,0.44384773879175,379.32363,-10.519,0.606807292841299,89.965
SODXQTB12A8C13F0F7,1608,1,TRANVZT128F42AE134,0.99,7486,excellent,0.827409365182026,0.576902280989611,351.84281,-12.749,0.865831828681282,109.74
SOMKDSL12A8A9D5A19,37,1,TRARWLR128F4256B07,0.89,6225,excellent,0.640574149167559,0.454714841079092,196.5971,-8.749,0.427446571488431,107.848
SOINBCU12A6D4F94C0,18,1,TRAADLX128F1469250,1.29,7887,excellent,0.661080167603938,0.44276584202895,190.48444,-15.663,0.510119314033035,102.428
SODTCPC12A6D4F812A,9,1,TRADAFY128F145B77B,0.99,6447,excellent,0.616896385668139,0.416503946370026,159.34649,-16.163,0.413752421597986,42.654
SOPBJWH12B0B809492,340,1,TRAWFGF128E0792FE0,0.89,6561,excellent,0.717991695486114,0.497711444140665,364.38159,-7.759,0.665930147409839,87.337
SOPOIQJ12A6701C8CF,11,1,TRABDTV128E0791839,0.99,6206,excellent,0.448020550432084,0.36953572756421,338.1024,-6.318,0.40148671142756,185.88
SOUTCRW12A8C13D937,1485,2,TRANIJQ128F4298A10,1.29,8678,excellent,0.589763812044369,0.586729913277808,240.45669,-8.471,0.632080937499448,91.413
SOXXMWC12A67AD7296,23,1,TRASYLV128E0794878,0.99,6678,excellent,0.68384500660833,0.454785379496017,273.99791,-17.763,0.492398352817721,117.0
SOESALW12A6D4F7BBD,5139,2,TRBCUPT128F1462B73,1.79,10602,excellent,0.873238652757811,0.519965479286757,201.58649,-2.87,0.89678901557349,182.977
SONNOCP12A8C145220,21,2,TRAAOXM12903CFB3B0,0.79,5551,excellent,0.602555589129045,0.389535576188865,329.35138,-7.672,0.570850642078845,111.079
SONRWFT12A6D4F983A,3097,16,TRAUVUF128F148D1AA,1.99,11522,excellent,0.853725856719535,0.550991009240736,181.21098,-5.128,0.774854126825359,111.153
SOYXFLF12A6D4FBF4E,65,1,TRADFXD128F424694C,1.19,7740,excellent,0.807779927795845,0.486825413499167,144.03873,-3.942,0.616433817982539,152.041
SOFCKEK12A8AE46966,1,8,TRAVELY128F42606F8,0.79,6446,excellent,0.77004069451581,0.543681106661286,166.86975,-9.309,0.818941494363359,94.971
SOWEZSI12A81C21CE6,2044,2,TRAUCNU128F42671EB,0.79,6425,excellent,0.710445622387035,0.540630686224969,194.87302,-8.403,0.778820808942555,165.006
SOKJITL12AB017E7FF,1968,1,TRANTAD128F92FD042,0.99,8230,excellent,0.837947909189389,0.740373515794823,263.36608,-6.578,0.71349237053028,193.14
SONFVVI12A8C133210,12,1,TRBAZMR128F423395F,0.59,4898,excellent,0.628274448933007,0.428834536216534,274.1024,-13.275,0.549895344913395,95.779
SONFFRT12AB0188599,4,1,TRAYRQK128F9346118,1.19,7558,excellent,0.63174180171316,0.464525450671138,233.40363,-6.857,0.476248227291196,97.433
SOQGLWB12AF72A632B,2157,3,TRALDDK128F9300AC5,0.79,6355,excellent,0.873238652757811,0.519965479286757,329.7171,-9.458,0.83828667466951,126.947
SOPIKEG12A58291636,2239,3,TRAAFJW128F428A424,0.69,6020,excellent,0.778816716562571,0.554291489012816,144.50893,-7.787,0.671236026984535,152.622
SOTJZBJ12A8C143A71,3534,4,TRAVFEW128F92E2B47,0.99,7541,excellent,0.838924310507117,0.607792751462841,197.90322,-5.431,0.639564765725765,119.744
SOWONPQ12A8BED02A8,13673,2,TRAPTOE128F4272000,0.69,7429,excellent,1.0,0.82677701349066,249.39057,-6.124,0.847530898287832,125.328
SODDIXC12AB0180D2F,45,4,TRAFJXD128F931D0C4,0.79,5668,excellent,0.651583436146428,0.40502545533074,166.42567,-8.107,0.650014515174356,117.368
SOCONYN12A8AE48117,41,1,TRAIDGE128F4260E9F,1.09,6358,excellent,0.528736353332408,0.321366996762355,340.34893,-13.637,0.347592850775328,98.087
SOGUVEM12A58A7E90C,27,1,TRAMXJC128F428E68F,0.89,5783,excellent,0.557875168421803,0.359324726504263,230.66077,-11.425,0.494489517502113,113.11
SOCUBIC12A8AE45AF0,169,11,TRANDEK128F4259EBC,0.79,6634,excellent,0.775797362701256,0.601186059455383,308.50567,-5.49,0.600220639864424,120.223
SOYKHAC12AB017DE72,132,1,TRASLVK128F935046C,0.99,6611,excellent,0.694983409073486,0.429780285791252,251.66322,-4.576,0.604963399550866,125.987
SOHZTFU12A8C144690,16,1,TRAMHPR128F92EDD34,1.09,6718,excellent,0.581691861403143,0.371934515971066,402.65098,-12.138,0.560490376361589,168.004
SOCHRXB12A8AE48069,20511,4,TRAAGCZ128F93210FD,0.99,9733,excellent,0.845601886640232,1.00594196595474,229.61587,-4.882,0.624425493270767,105.206
SONLOKJ12AB0187617,372,1,TRAWWHM128F9310FD7,0.99,8172,excellent,0.814829656133112,0.735765692950641,189.67465,-12.67,0.664228032921535,132.903
SOPFURM12A67020D2A,1172,28,TRADRJK128E078F041,0.69,5874,excellent,0.749876367190018,0.528302262284238,259.76118,-10.175,0.649675061783158,137.342
SOVTGXQ12A6D4FB9CA,597,1,TRAATBN128F14ACE82,1.19,7733,excellent,0.679519207792806,0.491828704353138,191.81669,-38.525,0.545230293898361,90.084
SODHTCY12A58A7F125,2140,1,TRBGJDW128F4292EDB,1.09,8802,excellent,0.933916106370185,0.778673579184214,255.99955,-6.155,0.723348601458503,113.485
SOOLVIB12A8C1408E2,1536,2,TRACTIE128F92E473B,0.79,6597,excellent,0.7963370594985,0.582921576450625,267.36281,-6.478,0.708746211067818,92.012
SOLICRS12AB0186198,346,1,TRAYSMO128F9318E7C,1.99,12027,excellent,0.852699664161011,0.661349364282216,227.082,-5.432,0.795505540655339,140.577
SOKOTBW12AB018CE2D,2,3,TRASHSN12903CA9E34,1.19,9346,excellent,0.933916106370185,0.778673579184214,240.22159,-9.736,0.909277347129187,119.959
SOCVOFW12A6D227200,2837,12,TRAJOPN128F423BEC3,0.79,6566,excellent,0.792255589731717,0.566971566218583,260.91057,-4.598,0.776126775556097,141.769
SOBLUYN12A8AE48167,349,1,TRBBRJN128F425C040,0.99,6682,excellent,0.612953154239064,0.454541929151298,151.09179,-7.246,0.499445834800632,98.733
SOOBOKE12A8C136227,471,2,TRALBOZ128F4251490,0.99,7256,excellent,0.737037558041999,0.53924541834925,182.04689,-4.058,0.79889565248293,223.62
SOHRUYI12A8C134C4D,72,2,TRATPZY128F930CFD0,1.99,10539,excellent,0.548189066221387,0.382591638095534,139.72853,-14.322,0.536830580874417,71.337
SOTVTCG12AB018ABEB,118,1,TRAVBCR128F933AE8E,0.49,4704,excellent,0.627917468411432,0.473918437000002,150.15138,-3.778,0.551651693393683,91.357
SOTYSQF12A8C13E0AA,4126,1,TRAHUQT128F4281228,1.29,9660,excellent,0.847451713217991,0.779968004597178,119.7971,-5.535,0.627608602780712,161.909
SOTMYBJ12A58A7A667,190,4,TRABUYT128F93069C8,0.89,6466,excellent,0.739099281750122,0.471126714521244,270.52363,-7.803,0.742185319058677,176.066
SOMTRKO12A8C134D55,383,6,TRAULZG128F425E06C,0.59,5558,excellent,0.73120804716564,0.547506775317875,92.36853,-12.206,0.678633788631526,114.378
SOOGMXN12A8C13954F,906,1,TRAOXJM128F4261E07,0.79,6320,excellent,0.748320703067026,0.545865917070192,225.17506,-7.572,0.533370878315867,90.971
SOZQSGL12AF72A9145,671,18,TRARREF128F422FD96,1.49,9357,excellent,0.737037558041999,0.53924541834925,216.842,-4.264,0.788388183322207,92.897
SOMQUCX12A6D4F89B6,100,1,TRALYEW128F146A755,2.09,11273,excellent,0.645426499287133,0.43877916064504,326.922,-7.272,0.60147102677583,104.98
SOZFGOG12A58A7F755,618,1,TRAMKUA128F92ED3E1,0.99,7141,excellent,0.797420740746604,0.536400010792708,339.25179,-5.365,0.594079585373189,117.706
SOUTRYP12A8AE46BC6,71,2,TRAQKVC128F425E65C,1.89,11323,excellent,0.775797362701256,0.601186059455383,130.63791,-13.143,0.759068343301237,87.657
SOMNXCC12AB0187BE7,4145,23,TRBIBLJ12903CCF436,1.19,8666,excellent,0.915823253033105,0.655283798415055,269.58322,-3.579,0.725984187467993,121.948
SOJMXXW12A6D4F9DB3,35,4,TRAJZYI128F424B412,0.79,5577,excellent,0.596602384560081,0.39918628529592,163.26485,-12.778,0.647368816552681,114.135
SOWMQTJ12AB0184323,1360,1,TRAEOUE128F93187B9,0.69,6618,excellent,0.782984211165007,0.675117718829204,212.92363,-5.429,0.671756385802397,209.739
SOPPEBK12A8C13B9CE,10,1,TRACDLK12903CE71B7,0.69,5001,excellent,0.572500600681978,0.368054038750725,171.49342,-14.876,0.52549711888017,136.915
SOVCZBS12A8C1354F1,284,2,TRAIFZX128F92F193C,0.69,5255,excellent,0.55608317277094,0.421448617932609,246.49098,-7.822,0.496175335673293,124.577
SOWDRKM12AB01838C7,235,1,TRBGNAF128F9339532,2.19,11800,excellent,0.594047504024662,0.47136204988726,127.05914,-5.454,0.487112194863463,105.434
SOUPNLN12A58A7CDDF,3,3,TRAIUTE128F92F96F3,0.79,5604,excellent,0.506168491079404,0.384244951713968,261.58975,-3.542,0.731473357049658,175.948
SOBBUGU12A8C13E95D,88,6,TRAACER128F4290F96,0.79,6361,excellent,0.839962768151037,0.541888972033647,207.77751,-4.264,0.666527846229702,166.862
SOHANQX12A8C13C2C4,8,1,TRAIEWD128F42A0039,0.99,6673,excellent,0.559317502411821,0.43700191865316,199.96689,-5.24,0.661651390726448,235.405
SOWBFRD12AB017EA35,1,1,TRAXUBG128F9332164,1.99,10818,excellent,0.653340692662686,0.449608088309004,171.15383,-14.876,0.425124658313058,163.371
SONJBQX12A6D4F8382,5193,66,TRAQVTO128F14696A6,1.49,11736,excellent,0.902840760110846,1.02125558748807,329.53424,-5.019,0.862254500132342,111.201
SOCVGQS12A8C13D7DF,15,2,TRAAWUH128F427F12C,2.09,11090,excellent,0.605424289924876,0.409292116931302,316.73424,-15.54,0.531612769199175,162.682
SOBKPCA12A8C131AD9,66,6,TRABZRZ128F42628AD,0.89,7024,excellent,0.826513628553946,0.628228387312783,324.85832,-10.086,0.546635488572118,102.756
SOKTJKI12A8C143254,8989,1,TRATBNG128F92CADA8,0.99,7420,excellent,0.908984295640257,0.562506672288816,239.882,-4.335,0.774816244145633,195.985
SOFYIQI12A6D4F8D85,762,1,TRAEASY128F148247C,1.09,7595,excellent,0.74400791471048,0.520049688178975,189.70077,-12.1,0.819642710905585,119.683
SOPLZYS12A8AE48DE6,125,3,TRAKQKT128F4259E25,1.99,11175,excellent,0.684894722923703,0.511526435078575,266.89261,-8.198,0.518310319320753,120.271
SOMPAOJ12A6D4F68BB,12,1,TRANUNR12903CE6E2E,1.89,10270,excellent,0.706827671304458,0.416173064626677,243.04281,-12.061,0.502544340288942,125.964
SOHLXPY12A8C1319B6,394,3,TRAZSCZ128F42554F4,0.99,7108,excellent,0.733637824826754,0.526549034691076,250.95791,-5.187,0.629476732675174,124.505
SOHIHSR12AB0184E8F,7068,9,TRBCJUF128F93190C2,0.99,7254,excellent,0.916058238482929,0.535408379229814,277.83791,-6.399,0.74046782736251,116.957
SOJMUAN12AB0183911,8164,14,TRAIYZW128F9330F7D,0.99,9899,excellent,0.877213745924652,1.08250255672612,189.962,-9.644,0.814517241173482,125.593
SOYKSBN12AB017EF6B,758,1,TRAELUY128F93147BA,1.89,10978,excellent,0.733798940436227,0.544257505724526,235.65016,-13.277,0.62736344757592,111.834
SOMPMVQ12A58A78C8E,1388,3,TRAZHAJ128F4289AE1,1.99,10815,excellent,0.667229575629809,0.426046391827812,217.36444,-8.006,0.635438470302755,104.458
SOHTWEG12AB018D11C,369,15,TRADAZP12903D0A480,0.79,6353,excellent,0.689800592800107,0.533842727048855,180.71465,-4.834,0.726267401029216,86.01
SOGMESY12A67020F25,2752,9,TRAFAJC128E078888B,0.89,6878,excellent,0.798645178741883,0.552413345516945,82.85995,-19.368,0.718179790084345,159.212
SOHOPAT12A8C1436AC,279,2,TRAEVHU128F92D9EA0,0.99,7013,excellent,0.778534708104099,0.490768668836964,225.67138,-12.637,0.799499551073143,103.647
SOGGMZY12A6701FE43,17,1,TRAXXVN128E0791AE4,0.89,5972,excellent,0.567461244019291,0.383210968792438,422.16444,-14.1,0.636287224427332,114.754
SONSNRE12A6D4FA2F7,143,24,TRAHUGQ128F92FF08F,0.79,6324,excellent,0.738039724798806,0.530330383867837,472.52853,-13.207,0.685473638195254,100.013
SOINDRZ12A6701DAF6,3192,63,TRADKAX128E0786B92,1.09,7247,excellent,0.738594498767952,0.467071006344989,195.29098,-7.163,0.718485474655334,150.155
SOBMNXE12A8C140F8A,13584,19,TRAXRSK128F42B44D2,1.19,8533,excellent,0.858677441848304,0.618219159411858,247.58812,-8.512,0.698494468201565,121.524
SOBNCYQ12AB01876B5,2147,2,TRBGWWM12903CCE627,2.19,13466,excellent,0.831197177107359,0.776167742324105,172.14649,-6.088,0.715792636804212,104.115
SOFLKHX12A6701C32A,1194,30,TRANRFB128F1481F1E,0.69,5760,excellent,0.75556639773351,0.464186401696097,299.78077,-11.514,0.751436617304767,141.674
SOTCFPV12A8C13CE08,33,1,TRAKYON128F429470C,1.19,7097,excellent,0.573527312613285,0.368506753399809,224.39138,-10.322,0.513517028537139,122.503
SOBMWXO12A8C132120,2009,38,TRASAQI128F426EEA3,0.79,6879,excellent,0.67538481199813,0.633339908701837,257.61914,-13.776,0.702551585004852,136.842
SOGAUIQ12A6D4F8262,6080,12,TRABVIZ128F42BA066,1.09,8816,excellent,0.852136186666803,0.780334119573423,252.3424,-3.028,0.801014141470684,167.486
SOEJJAZ12A8C132CAF,3,1,TRBCGKN128F4269BD4,1.09,6758,excellent,0.568897346570972,0.374986646029636,318.9024,-14.612,0.611702203195714,134.819
SODDZAD12A6701DC4C,10,6,TRAAGVF128E0789785,0.89,6040,excellent,0.605109701914858,0.39854753538058,283.76771,-8.7,0.665172240762197,113.677
SOFTXIE12AB017AEB1,769,1,TRAXWDS12903CEE35E,1.99,11528,excellent,0.792255589731717,0.566971566218583,288.33914,-4.433,0.660928327857631,136.383
SONPKNE12AB0180390,201,4,TRAFTMA128F933A3D7,1.09,7502,excellent,0.774037142161492,0.521726647791238,273.78893,-10.27,0.629493247486775,193.575
SOMRBBO12A8C13F67B,98,1,TRAFMIA128F92E2B2B,0.99,7465,excellent,0.838924310507117,0.607792751462841,210.54649,-12.26,0.535106024897857,130.325
SOQSVRE12A8C13A31C,334,2,TRBBAHD128F428E0FE,1.19,7287,excellent,0.588667486571128,0.385515114251169,387.16036,-11.705,0.718950558772482,95.425
SOLYHYM12AB017D549,218,2,TRBABBT128F9327213,1.99,10776,excellent,0.628274448933007,0.428834536216534,195.18649,-6.324,0.545964692519044,116.915
SOCUXEW12A58A7CA5B,3,1,TRAWJPF128F42626DB,1.89,10921,excellent,0.736677413340632,0.526182556346848,312.55465,-6.61,0.704504079507773,130.345
SODHVES12A6701CE6B,7347,35,TRAAEEH128E0795DFE,0.29,4159,excellent,0.643182772912233,0.500691340913453,241.162,-8.531,0.767727748373397,180.149
SOAYOFO12AF72A4B88,1473,4,TRALJBT128F4266FD8,0.99,7393,excellent,0.877119424278037,0.560912657330455,211.56526,-1.81,0.804749693774361,104.796
SOTPQIM12A6D4F91BC,20,1,TRBALIJ128F14884B5,0.79,6454,excellent,0.789018488521976,0.573554543514407,221.43955,-11.278,0.536788886440662,131.813
SOLWNAR12A67020BF5,173,1,TRARKRC128E0791D82,0.69,5726,excellent,0.717991695486114,0.497711444140665,355.5522,-7.894,0.676769509228706,146.022
SOFUNPN12A8C13B387,41,1,TRAPUVW128F42980AD,0.89,6575,excellent,0.69300920358103,0.498668874796087,467.53914,-8.912,0.687069388604567,91.364
SOCYZTH12AF72A6CCF,94,1,TRBAIDT128F92CC7ED,0.69,5534,excellent,0.726959806261309,0.456865420349933,217.80853,-7.616,0.703966084675999,113.386
SOLECZU12AB017DAAC,695,1,TRAIUPS128F92F2825,1.09,7498,excellent,0.71020337740281,0.514849879573151,352.49587,-5.827,0.682204661510768,105.05
SOGWIQR12A8C144C22,4,1,TRBBNTP128F92D934C,0.99,6372,excellent,0.623696863115986,0.400211297918499,193.90649,-9.984,0.427446571488431,88.58
SOZKFHV12A6D4F996F,540,2,TRARIRG128F147FC96,1.99,11551,excellent,0.655921417588267,0.578301633596748,154.93179,-15.433,0.596840703553029,100.042
SOCJAYM12A8C138772,80,3,TRAGVAO128F4289B5D,0.89,6557,excellent,0.772272160927816,0.50011933507508,298.00444,-5.16,0.636635971004212,87.747
SOFZNZA12A6D4F8B0D,218,2,TRAHIZR128F148D3D1,0.79,5977,excellent,0.686221995069209,0.48607237966592,239.5424,-8.626,0.60855282133751,181.355
SOAGXBV12A6D4F70BD,143,1,TRAKUJS128F14668E5,1.09,7376,excellent,0.809323793001953,0.488019841685673,154.85342,-3.865,0.715280105579726,122.125
SOPKWKW12A8C1312BC,45,2,TRAQDXL128F4260EB8,0.99,7177,excellent,0.747684075868632,0.529995832899308,163.83955,-8.951,0.737994182144394,131.554
SODNXEC12A8C130EFA,146,1,TRAMFFW128F4263AD7,0.99,7580,excellent,0.826513628553946,0.628228387312783,197.11955,-8.736,0.560091603263992,101.967
SOZDWVM12A8AE448E8,34,2,TRBFIBL128F423AC68,1.19,7097,excellent,0.553637086196396,0.360200447869405,329.01179,-22.184,0.593934981131075,107.709
SOMKGQN12A8C1339D2,11082,43,TRBHLDQ128F423EF10,0.89,7578,excellent,0.8788113434932,0.653897217427783,160.31302,-9.385,0.972386890817069,152.785
